[
    {
        "slug": "huntsville",
        "name": "Huntsville",
        "state": "AL",
        "phone": "256-826-1100",
        "region_name": "Madison County",
        "meta_description_suffix": "Top-rated cleaning in Rocket City. Near Redstone Arsenal & Research Park.",
        "description": "Rocket City's premier cleaning service. Serving The Ledges, Hampton Cove, Twickenham, Madison, and surrounding Madison County.",
        "featured": true,
        "neighborhoods": [
            {
                "name": "The Ledges",
                "slug": "the-ledges"
            },
            {
                "name": "Hampton Cove",
                "slug": "hampton-cove"
            },
            {
                "name": "Twickenham",
                "slug": "twickenham"
            },
            {
                "name": "Madison",
                "slug": "madison"
            },
            {
                "name": "Monte Sano",
                "slug": "monte-sano"
            },
            {
                "name": "Big Cove",
                "slug": "big-cove"
            },
            {
                "name": "Jones Valley",
                "slug": "jones-valley"
            },
            {
                "name": "Harvest",
                "slug": "harvest"
            },
            {
                "name": "Meridianville",
                "slug": "meridianville"
            },
            {
                "name": "Owens Cross Roads",
                "slug": "owens-cross-roads"
            },
            {
                "name": "Research Park",
                "slug": "research-park"
            },
            {
                "name": "Blossomwood",
                "slug": "blossomwood"
            }
        ]
    },
    {
        "slug": "birmingham",
        "name": "Birmingham",
        "state": "AL",
        "phone": "256-826-1100",
        "region_name": "Jefferson County",
        "meta_description_suffix": "Serving Mountain Brook, Homewood, Vestavia Hills, and Hoover.",
        "description": "Premium cleaning for Birmingham's finest neighborhoods including Mountain Brook, Homewood, Vestavia Hills, and Hoover.",
        "featured": true,
        "neighborhoods": [
            {
                "name": "Mountain Brook",
                "slug": "mountain-brook"
            },
            {
                "name": "Homewood",
                "slug": "homewood"
            },
            {
                "name": "Vestavia Hills",
                "slug": "vestavia-hills"
            },
            {
                "name": "Hoover",
                "slug": "hoover"
            },
            {
                "name": "Cahaba Heights",
                "slug": "cahaba-heights"
            }
        ]
    },
    {
        "slug": "nashville",
        "name": "Nashville",
        "state": "TN",
        "phone": "615-510-1427",
        "region_name": "Davidson County",
        "meta_description_suffix": "Music City's premier cleaning service. Serving Belle Meade, Green Hills & The Gulch.",
        "description": "Music City's trusted cleaning service. Serving West Nashville, Green Hills, Belle Meade, and surrounding areas.",
        "featured": true,
        "neighborhoods": [
            {
                "name": "West Nashville",
                "slug": "west-nashville"
            },
            {
                "name": "Green Hills",
                "slug": "green-hills"
            },
            {
                "name": "Belle Meade",
                "slug": "belle-meade"
            },
            {
                "name": "Sylvan Park",
                "slug": "sylvan-park"
            }
        ]
    },
    {
        "slug": "athens",
        "name": "Athens",
        "state": "AL",
        "phone": "256-826-1100",
        "region_name": "Limestone County",
        "meta_description_suffix": "Serving Athens, Canebrake, and Limestone County.",
        "description": "Limestone County's go-to cleaning service. Serving Athens, Ardmore, Elkmont, and surrounding communities.",
        "featured": false,
        "neighborhoods": [
            {
                "name": "Downtown Athens",
                "slug": "downtown-athens"
            },
            {
                "name": "Ardmore",
                "slug": "ardmore"
            },
            {
                "name": "Elkmont",
                "slug": "elkmont"
            },
            {
                "name": "Belle Mina",
                "slug": "belle-mina"
            },
            {
                "name": "Tanner",
                "slug": "tanner"
            }
        ]
    },
    {
        "slug": "decatur",
        "name": "Decatur",
        "state": "AL",
        "phone": "256-826-1100",
        "region_name": "Morgan County",
        "meta_description_suffix": "River City's trusted cleaning service. Serving Old Decatur and Burningtree.",
        "description": "Morgan County cleaning excellence. Serving Decatur, Hartselle, Priceville, and surrounding areas.",
        "featured": false,
        "neighborhoods": [
            {
                "name": "Point Mallard",
                "slug": "point-mallard"
            },
            {
                "name": "Hartselle",
                "slug": "hartselle"
            },
            {
                "name": "Priceville",
                "slug": "priceville"
            },
            {
                "name": "Austinville",
                "slug": "austinville"
            }
        ]
    },
    {
        "slug": "florence",
        "name": "Florence",
        "state": "AL",
        "phone": "256-826-1100",
        "region_name": "Lauderdale County",
        "meta_description_suffix": "Serving Florence, UNA area, and the Shoals.",
        "description": "The Shoals' trusted cleaning service. Serving Florence, Muscle Shoals, Sheffield, and Tuscumbia.",
        "featured": false,
        "neighborhoods": [
            {
                "name": "Historic District",
                "slug": "historic-district"
            },
            {
                "name": "Lakeside Estates",
                "slug": "lakeside-estates"
            },
            {
                "name": "Killen",
                "slug": "killen"
            },
            {
                "name": "Rogersville",
                "slug": "rogersville"
            }
        ]
    },
    {
        "slug": "mountain-brook",
        "name": "Mountain Brook",
        "state": "AL",
        "phone": "256-826-1100",
        "region_name": "Jefferson County",
        "meta_description_suffix": "Premier estate cleaning in Mountain Brook, Crestline, and English Village.",
        "description": "Luxury estate cleaning for Alabama's most affluent community. White-glove service for Mountain Brook's finest homes.",
        "featured": false,
        "neighborhoods": [
            {
                "name": "Crestline",
                "slug": "crestline"
            },
            {
                "name": "English Village",
                "slug": "english-village"
            },
            {
                "name": "Mountain Brook Village",
                "slug": "mountain-brook-village"
            },
            {
                "name": "Cherokee Bend",
                "slug": "cherokee-bend"
            }
        ]
    },
    {
        "slug": "madison",
        "name": "Madison",
        "state": "AL",
        "phone": "256-826-1100",
        "region_name": "Madison County",
        "meta_description_suffix": "Serving Madison City, Clift Farm, and surrounding areas.",
        "description": "Growing Madison families trust us for reliable, consistent cleaning. Serving all Madison neighborhoods.",
        "featured": false,
        "neighborhoods": [
            {
                "name": "Town Madison",
                "slug": "town-madison"
            },
            {
                "name": "Bradford Creek",
                "slug": "bradford-creek"
            },
            {
                "name": "Mill Creek",
                "slug": "mill-creek"
            },
            {
                "name": "Hughes Road",
                "slug": "hughes-road"
            }
        ]
    },
    {
        "slug": "muscle-shoals",
        "name": "Muscle Shoals",
        "state": "AL",
        "phone": "256-826-1100",
        "region_name": "Colbert County",
        "meta_description_suffix": "Serving Muscle Shoals, Tuscumbia, and Sheffield.",
        "description": "Professional cleaning in the heart of The Shoals. Serving Muscle Shoals, Florence, and Colbert County.",
        "featured": false,
        "neighborhoods": [
            {
                "name": "Downtown",
                "slug": "downtown"
            },
            {
                "name": "Wilson Dam",
                "slug": "wilson-dam"
            },
            {
                "name": "Avalon",
                "slug": "avalon"
            }
        ]
    },
    {
        "slug": "tuscumbia",
        "name": "Tuscumbia",
        "state": "AL",
        "phone": "256-826-1100",
        "region_name": "Colbert County",
        "meta_description_suffix": "Serving Tuscumbia and the Shoals area.",
        "description": "Historic Tuscumbia deserves expert care. Home of Helen Keller's Birthplace and Alabama's oldest city.",
        "featured": false,
        "neighborhoods": [
            {
                "name": "Downtown Historic",
                "slug": "downtown-historic"
            },
            {
                "name": "Spring Park",
                "slug": "spring-park"
            },
            {
                "name": "Deshler",
                "slug": "deshler"
            }
        ]
    },
    {
        "slug": "west-nashville",
        "name": "West Nashville",
        "state": "TN",
        "phone": "615-510-1427",
        "region_name": "Davidson County",
        "meta_description_suffix": "Serving The Nations, Sylvan Park, and Belle Meade.",
        "description": "West Nashville's growing neighborhoods deserve premium cleaning. Serving Sylvan Park, The Nations, and Charlotte Park.",
        "featured": false,
        "neighborhoods": [
            {
                "name": "Sylvan Park",
                "slug": "sylvan-park"
            },
            {
                "name": "The Nations",
                "slug": "the-nations"
            },
            {
                "name": "Charlotte Park",
                "slug": "charlotte-park"
            },
            {
                "name": "West End",
                "slug": "west-end"
            }
        ]
    }
]